City_ID,City,Lat,Lng,Max Temp,Humidity,Cloudiness,Wind Speed,Country,Date
0,Hilo,19.7297,-155.09,81.28,76,40,6.91,US,2022-04-23 01:06:25
1,Rikitea,-23.1203,-134.9692,72.28,87,100,7.76,PF,2022-04-23 01:03:56
2,Honiara,-9.4333,159.95,83.7,79,93,4.99,SB,2022-04-23 01:06:26
3,Bredasdorp,-34.5322,20.0403,54.59,66,0,5.28,ZA,2022-04-23 01:06:27
4,Jamestown,42.097,-79.2353,51.53,58,0,6.91,US,2022-04-23 01:06:14
5,Obera,-27.4871,-55.1199,64.71,100,100,1.99,AR,2022-04-23 01:06:28
6,Shingu,33.7333,135.9833,75.06,48,100,4.7,JP,2022-04-23 01:06:28
7,Lorengau,-2.0226,147.2712,84.04,75,88,6.69,PG,2022-04-23 01:04:31
8,Pedro Ii,-4.4247,-41.4586,68.25,93,95,3.27,BR,2022-04-23 01:06:29
9,Komsomolskiy,40.4272,71.7189,54.32,66,0,6.91,UZ,2022-04-23 01:04:30
10,Te Anau,-45.4167,167.7167,57.52,56,23,7.07,NZ,2022-04-23 01:03:52
11,Sarangani,5.4033,125.4636,80.89,81,100,22.3,PH,2022-04-23 01:06:30
12,Ushuaia,-54.8,-68.3,42.46,75,40,2.3,AR,2022-04-23 01:05:51
13,Aksha,50.2814,113.2867,38.57,56,93,9.75,RU,2022-04-23 01:06:31
14,Bluff,-46.6,168.3333,58.8,70,21,28.88,NZ,2022-04-23 01:03:02
15,Morro Bay,35.3658,-120.8499,64.72,75,52,11.01,US,2022-04-23 01:03:04
16,East London,-33.0153,27.9116,62.74,86,100,11.45,ZA,2022-04-23 01:03:43
17,Hermanus,-34.4187,19.2345,51.8,70,0,10.76,ZA,2022-04-23 01:06:01
18,Mahajanga,-15.7167,46.3167,77.02,94,40,3.44,MG,2022-04-23 01:06:32
19,Umm Kaddadah,13.6017,26.6876,79.41,14,29,10.94,SD,2022-04-23 01:06:33
20,Barrow,71.2906,-156.7887,15.82,86,100,4.61,US,2022-04-23 01:05:02
21,Akyab,20.15,92.9,81.95,76,0,4.07,MM,2022-04-23 01:06:33
22,Port Alfred,-33.5906,26.891,58.17,95,100,6.06,ZA,2022-04-23 01:06:34
23,Gabu,12.2833,-14.2167,74.97,69,100,6.02,GW,2022-04-23 01:06:34
24,Ust-Tsilma,65.441,52.1498,26.02,95,99,8.16,RU,2022-04-23 01:06:35
25,Loharu,28.45,75.8167,78.46,21,0,2.82,IN,2022-04-23 01:06:36
26,Atuona,-9.8,-139.0333,78.89,75,7,12.71,PF,2022-04-23 01:06:36
27,Labuhan,-6.8844,112.2051,82.06,82,18,6.85,ID,2022-04-23 01:01:40
28,Varde,55.6211,8.4807,43.99,84,1,6.91,DK,2022-04-23 01:06:37
29,Beberibe,-4.1797,-38.1306,78.06,86,100,9.98,BR,2022-04-23 01:06:37
30,Bodden Town,19.2833,-81.25,80.92,79,20,11.5,KY,2022-04-23 01:06:38
31,Kautokeino,69.0125,23.0412,27.32,92,87,2.48,NO,2022-04-23 01:06:38
32,Erzurum,40.0,41.5,33.48,55,12,3.96,TR,2022-04-23 01:06:39
33,New Norfolk,-42.7826,147.0587,59.92,48,2,4.03,AU,2022-04-23 01:03:10
34,Pevek,69.7008,170.3133,14.63,91,92,5.57,RU,2022-04-23 01:05:29
35,Hovd,48.0056,91.6419,39.69,43,92,5.53,MN,2022-04-23 01:06:40
36,Georgetown,5.4112,100.3354,76.93,94,40,9.22,MY,2022-04-23 01:06:40
37,Aklavik,68.2191,-135.0107,25.68,87,99,18.01,CA,2022-04-23 01:03:20
38,Nikolskoye,59.7035,30.7861,40.8,81,90,4.14,RU,2022-04-23 01:02:34
39,Kodiak,57.79,-152.4072,42.31,81,75,11.5,US,2022-04-23 01:06:42
40,Mount Darwin,-16.7725,31.5838,60.85,99,39,1.41,ZW,2022-04-23 01:06:42
41,Bengkulu,-3.8004,102.2655,78.78,80,99,5.66,ID,2022-04-23 01:06:43
42,Khatanga,71.9667,102.5,5.83,91,86,7.92,RU,2022-04-23 01:01:57
43,Chuy,-33.6971,-53.4616,53.98,94,100,6.69,UY,2022-04-23 01:06:44
44,Sorland,67.667,12.6934,40.78,72,84,15.79,NO,2022-04-23 01:06:44
45,Gorontalo,0.5412,123.0595,83.32,79,100,2.48,ID,2022-04-23 01:02:57
46,Busselton,-33.65,115.3333,63.46,59,0,13.62,AU,2022-04-23 01:06:45
47,Albany,42.6001,-73.9662,50.79,57,5,4.92,US,2022-04-23 01:04:29
48,Srandakan,-7.9386,110.2506,81.03,75,41,2.71,ID,2022-04-23 01:07:46
49,Cherskiy,68.75,161.3,24.85,86,100,8.39,RU,2022-04-23 01:03:07
50,Belem De Sao Francisco,-8.7539,-38.9658,78.1,67,24,12.77,BR,2022-04-23 01:07:47
51,Kapaa,22.0752,-159.319,80.58,87,47,8.01,US,2022-04-23 01:03:03
52,Linjiang,41.8069,126.9078,57.49,30,0,7.45,CN,2022-04-23 01:07:48
53,Ulladulla,-35.35,150.4667,65.77,76,97,3.36,AU,2022-04-23 01:07:48
54,Launceston,-41.45,147.1667,60.62,66,0,6.91,AU,2022-04-23 01:03:13
55,Dikson,73.5069,80.5464,-4.34,100,100,5.41,RU,2022-04-23 01:07:49
56,Norman Wells,65.282,-126.8329,30.09,80,93,10.74,CA,2022-04-23 01:05:23
57,Victoria,22.2855,114.1577,83.97,85,9,5.01,HK,2022-04-23 01:05:41
58,Tual,-5.6667,132.75,83.16,71,100,2.13,ID,2022-04-23 01:07:50
59,Arraial Do Cabo,-22.9661,-42.0278,75.83,83,0,7.9,BR,2022-04-23 01:07:50
60,Almeria,37.1667,-2.3333,50.77,80,79,14.61,ES,2022-04-23 01:07:50
61,Kaitangata,-46.2817,169.8464,59.05,56,15,10.83,NZ,2022-04-23 01:07:51
62,Altamira,-3.2033,-52.2064,72.19,99,100,2.59,BR,2022-04-23 01:05:26
63,Olafsvik,64.8945,-23.7142,45.01,87,73,8.75,IS,2022-04-23 01:03:01
64,Mataura,-46.1927,168.8643,58.48,57,51,8.12,NZ,2022-04-23 01:03:09
65,El Estor,15.5333,-89.35,73.6,92,13,2.53,GT,2022-04-23 01:07:52
66,Krivosheino,57.3431,83.9261,18.73,79,56,11.25,RU,2022-04-23 01:07:52
67,Hauterive,46.0901,3.4459,52.56,95,100,4.18,FR,2022-04-23 01:07:53
68,San Cristobal,7.7669,-72.225,71.78,92,34,2.75,VE,2022-04-23 01:04:43
69,Sao Filipe,14.8961,-24.4956,72.55,81,10,3.11,CV,2022-04-23 01:04:11
70,Gdov,58.7406,27.8122,40.23,89,100,3.89,RU,2022-04-23 01:07:55
71,Butaritari,3.0707,172.7902,82.62,72,12,19.64,KI,2022-04-23 01:07:55
72,Maragheh,37.3917,46.2398,52.77,33,0,2.39,IR,2022-04-23 01:07:56
73,Hambantota,6.1241,81.1185,75.54,100,20,2.3,LK,2022-04-23 01:07:56
74,Cuamba,-14.8031,36.5372,67.6,94,74,5.32,MZ,2022-04-23 01:07:57
75,Saint George,37.1041,-113.5841,56.43,58,0,9.22,US,2022-04-23 01:05:57
76,San Patricio,28.017,-97.5169,77.9,81,33,18.25,US,2022-04-23 01:05:56
77,Thinadhoo,0.5333,72.9333,84.16,74,93,11.39,MV,2022-04-23 01:07:58
78,Laguna De Perlas,12.3429,-83.6712,77.65,88,22,9.1,NI,2022-04-23 01:07:58
79,Taoudenni,22.6783,-3.9836,76.87,10,99,9.95,ML,2022-04-23 01:07:58
80,Vaini,-21.2,-175.2,82.56,74,20,4.61,TO,2022-04-23 01:07:59
81,Garwa,24.1833,83.8167,83.37,26,3,3.22,IN,2022-04-23 01:07:59
82,Talnakh,69.4865,88.3972,2.21,88,97,0.65,RU,2022-04-23 01:04:49
83,Bud,39.447,-86.1758,73.38,79,4,8.08,US,2022-04-23 01:08:00
84,Kavaratti,10.5669,72.642,84.42,73,90,3.89,IN,2022-04-23 01:08:01
85,Leningradskiy,69.3833,178.4167,21.0,91,86,4.81,RU,2022-04-23 01:08:01
86,Klaksvik,62.2266,-6.589,41.92,79,100,17.78,FO,2022-04-23 01:08:02
87,Tchollire,8.4022,14.1698,82.11,53,26,3.29,CM,2022-04-23 01:08:02
88,Ancud,-41.8697,-73.8203,58.23,96,100,32.73,CL,2022-04-23 01:08:02
89,Igarka,67.4667,86.5833,17.69,95,97,8.84,RU,2022-04-23 01:08:03
90,Port Elizabeth,-33.918,25.5701,60.1,99,100,1.99,ZA,2022-04-23 01:09:03
91,Severo-Kurilsk,50.6789,156.125,38.43,99,100,12.37,RU,2022-04-23 01:09:04
92,Punta Arenas,-53.15,-70.9167,46.51,76,75,4.61,CL,2022-04-23 01:06:26
93,Taksimo,56.3444,114.8794,25.12,63,8,0.89,RU,2022-04-23 01:09:05
94,Tasiilaq,65.6145,-37.6368,33.96,93,100,3.62,GL,2022-04-23 01:09:06
95,Savannakhet,16.566,104.751,83.48,67,44,2.51,LA,2022-04-23 01:09:06
96,North Bend,43.4065,-124.2243,59.92,80,0,9.22,US,2022-04-23 01:09:07
97,Barcelona,41.3888,2.159,59.76,83,75,3.44,ES,2022-04-23 01:08:35
98,Lavrentiya,65.5833,-171.0,32.05,80,5,2.71,RU,2022-04-23 01:09:08
99,Yellowknife,62.456,-114.3525,33.42,95,98,0.87,CA,2022-04-23 01:09:09
100,Saint-Philippe,-21.3585,55.7679,74.79,81,91,14.67,RE,2022-04-23 01:09:10
101,Deputatskiy,69.3,139.9,10.89,88,92,1.66,RU,2022-04-23 01:09:11
102,Puerto Carreno,6.189,-67.4859,81.88,69,54,1.86,CO,2022-04-23 01:09:11
103,Astana,51.1801,71.446,24.75,80,0,6.71,KZ,2022-04-23 01:04:23
104,Cabo San Lucas,22.8909,-109.9124,81.61,49,0,10.36,MX,2022-04-23 01:04:38
105,Dhidhdhoo,6.8833,73.1,83.23,73,100,5.3,MV,2022-04-23 01:09:13
106,Marsaxlokk,35.8419,14.5431,59.07,88,0,6.91,MT,2022-04-23 01:09:13
107,San Juan De Colon,8.0313,-72.2605,72.99,92,40,1.99,VE,2022-04-23 01:09:14
108,Mitsamiouli,-11.3847,43.2844,79.72,80,100,12.15,KM,2022-04-23 01:05:02
109,Rujewa,-8.7,34.3833,65.66,80,36,6.24,TZ,2022-04-23 01:09:15
110,Tilichiki,60.4667,166.1,26.71,85,100,3.42,RU,2022-04-23 01:09:16
111,Kavieng,-2.5744,150.7967,83.03,77,41,10.36,PG,2022-04-23 01:09:16
112,Bilma,18.6853,12.9164,89.78,12,0,6.55,NE,2022-04-23 01:09:17
113,Sakakah,29.9697,40.2064,70.93,14,100,17.47,SA,2022-04-23 01:09:11
114,Baykit,61.67,96.37,31.55,85,100,5.03,RU,2022-04-23 01:05:12
115,Chapais,49.7834,-74.8492,21.25,86,27,6.58,CA,2022-04-23 01:09:18
116,Kisaran,2.9845,99.6158,75.15,97,100,0.31,ID,2022-04-23 01:09:18
117,Goderich,43.7501,-81.7165,41.92,78,100,5.77,CA,2022-04-23 01:09:19
118,Zhob,31.3411,69.4481,62.71,49,50,2.46,PK,2022-04-23 01:09:19
119,Fort Nelson,58.8053,-122.7002,38.79,88,100,2.84,CA,2022-04-23 01:09:20
120,Hobyo,5.3505,48.5268,82.74,74,79,10.07,SO,2022-04-23 01:09:20
121,Belaya Gora,68.5333,146.4167,18.9,85,100,5.26,RU,2022-04-23 01:09:21
122,Husavik,66.0449,-17.3389,42.55,80,87,4.92,IS,2022-04-23 01:04:39
123,Kutum,14.2,24.6667,75.74,14,100,8.72,SD,2022-04-23 01:09:22
124,Diego De Almagro,-26.3667,-70.05,61.77,55,0,1.14,CL,2022-04-23 01:09:22
125,Amahai,-3.3333,128.9167,84.87,71,100,0.38,ID,2022-04-23 01:09:23
126,Sawakin,19.1059,37.3321,80.71,79,17,4.61,SD,2022-04-23 01:09:23
127,Naze,28.3667,129.4833,73.18,85,100,13.04,JP,2022-04-23 01:09:24
128,Sitka,57.0531,-135.33,46.29,71,100,9.22,US,2022-04-23 01:05:22
129,Hasaki,35.7333,140.8333,68.29,72,100,5.55,JP,2022-04-23 01:09:24
130,Progreso,21.2833,-89.6667,81.1,76,0,20.11,MX,2022-04-23 01:09:25
131,Jizan,17.3333,42.6667,83.98,64,98,2.1,SA,2022-04-23 01:09:25
132,Isla Mujeres,21.2311,-86.731,78.85,76,14,14.0,MX,2022-04-23 01:06:25
133,Evensk,61.95,159.2333,25.39,75,36,0.78,RU,2022-04-23 01:09:26
134,Bonfim,3.0833,-59.95,79.57,71,94,2.95,BR,2022-04-23 01:09:26
135,Pisco,-13.7,-76.2167,65.01,88,0,12.66,PE,2022-04-23 01:09:27
136,Katsuura,35.1333,140.3,69.87,69,98,18.61,JP,2022-04-23 01:09:27
137,Castro,-24.7911,-50.0119,59.65,91,1,3.76,BR,2022-04-23 01:09:28
138,Havre-Saint-Pierre,50.2334,-63.5986,34.16,93,100,12.66,CA,2022-04-23 01:10:28
139,Egvekinot,66.3167,-179.1667,22.84,89,100,3.04,RU,2022-04-23 01:10:28
140,Ust-Kuyga,70.0167,135.6,14.29,85,84,1.68,RU,2022-04-23 01:10:29
141,Riohacha,11.5444,-72.9072,77.43,84,66,4.52,CO,2022-04-23 01:10:29
142,Sergach,55.5308,45.4661,36.03,77,50,2.71,RU,2022-04-23 01:10:30
143,Saldanha,-33.0117,17.9442,57.31,76,0,17.13,ZA,2022-04-23 01:10:30
144,Mahebourg,-20.4081,57.7,75.49,60,20,13.8,MU,2022-04-23 01:10:31
145,Touros,-5.1989,-35.4608,77.16,92,100,7.18,BR,2022-04-23 01:10:31
146,Mehamn,71.0357,27.8492,36.45,80,95,15.17,NO,2022-04-23 01:08:47
147,Upernavik,72.7868,-56.1549,-0.18,99,32,4.09,GL,2022-04-23 01:10:07
148,Beringovskiy,63.05,179.3167,29.1,85,100,2.37,RU,2022-04-23 01:10:32
149,Madang,-5.2246,145.7966,75.45,93,100,7.67,PG,2022-04-23 01:10:33
150,Camopi,3.1655,-52.3158,71.08,98,100,1.9,GF,2022-04-23 01:10:33
151,Kununurra,-15.7667,128.7333,85.98,32,6,8.05,AU,2022-04-23 01:10:34
152,Kungurtug,50.5994,97.5228,30.74,47,92,4.83,RU,2022-04-23 01:10:34
153,Pinawa,50.1489,-95.8811,37.0,95,100,12.39,CA,2022-04-23 01:10:34
154,Salinopolis,-0.6136,-47.3561,76.14,92,100,8.03,BR,2022-04-23 01:10:35
155,Kamina,-8.7386,24.9906,63.45,95,25,0.38,CD,2022-04-23 01:10:35
156,Phangnga,8.4509,98.5298,82.44,87,100,2.77,TH,2022-04-23 01:10:36
157,Vardo,70.3705,31.1107,36.1,84,99,15.21,NO,2022-04-23 01:10:36
158,Tahta,26.7693,31.5021,67.73,36,0,8.9,EG,2022-04-23 01:10:37
159,Bubaque,11.2833,-15.8333,76.37,80,99,12.8,GW,2022-04-23 01:06:38
160,Avanigadda,16.0215,80.9181,81.14,80,39,4.12,IN,2022-04-23 01:10:38
161,Khalkhal,37.6189,48.5258,44.19,74,0,1.95,IR,2022-04-23 01:10:38
162,Vitim,59.4511,112.5578,30.96,79,100,1.05,RU,2022-04-23 01:10:39
163,Billings,45.7833,-108.5007,41.29,89,100,11.5,US,2022-04-23 01:09:39
164,Mar Del Plata,-38.0023,-57.5575,53.62,92,75,13.0,AR,2022-04-23 01:06:28
165,La Sarre,48.8002,-79.1996,28.62,84,94,4.72,CA,2022-04-23 01:10:40
166,Andenes,69.3143,16.1194,33.78,86,40,2.3,NO,2022-04-23 01:07:28
167,Annau,37.8876,58.516,64.83,69,98,6.69,TM,2022-04-23 01:10:40
168,Grindavik,63.8424,-22.4338,45.07,81,100,11.5,IS,2022-04-23 01:06:46
169,Acarau,-2.8856,-40.12,77.49,87,99,8.1,BR,2022-04-23 01:10:41
170,Longyearbyen,78.2186,15.6401,19.24,73,75,1.14,SJ,2022-04-23 01:10:13
171,Qaanaaq,77.484,-69.3632,4.55,90,100,1.95,GL,2022-04-23 01:10:42
172,Ambilobe,-13.2,49.05,72.14,93,100,3.71,MG,2022-04-23 01:10:42
173,Myitkyina,25.3833,97.4,81.03,53,15,1.9,MM,2022-04-23 01:10:43
174,Nelson Bay,-32.7167,152.15,69.85,79,91,11.01,AU,2022-04-23 01:09:27
175,Kupino,54.3663,77.2981,29.93,50,30,11.7,RU,2022-04-23 01:10:44
176,Ponta Do Sol,32.6667,-17.1,63.23,70,68,12.26,PT,2022-04-23 01:10:44
177,Sioux Falls,43.55,-96.7003,80.46,57,40,26.46,US,2022-04-23 01:06:29
178,Lata,40.1629,-8.3327,50.81,96,100,4.07,PT,2022-04-23 01:10:45
179,Ankazoabo,-22.2833,44.5167,71.2,81,100,3.04,MG,2022-04-23 01:10:46
180,Luderitz,-26.6481,15.1594,58.91,78,0,16.49,NA,2022-04-23 01:10:46
181,Burtunay,42.9886,46.6303,41.59,91,100,2.84,RU,2022-04-23 01:10:46
182,Caravelas,-17.7125,-39.2481,74.62,81,27,6.06,BR,2022-04-23 01:10:47
183,Puerto Ayora,-0.7393,-90.3518,72.68,90,14,6.42,EC,2022-04-23 01:10:47
184,Puerto Escondido,15.85,-97.0667,83.23,65,75,3.44,MX,2022-04-23 01:10:48
185,Dingle,10.9995,122.6711,84.38,72,51,10.47,PH,2022-04-23 01:10:48
186,Constitucion,-35.3333,-72.4167,57.31,89,91,1.83,CL,2022-04-23 01:10:49
187,La Ronge,55.1001,-105.2842,35.87,90,100,4.74,CA,2022-04-23 01:11:49
188,Geraldton,-28.7667,114.6,72.01,40,0,23.02,AU,2022-04-23 01:11:50
189,Bambous Virieux,-20.3428,57.7575,75.45,60,20,13.8,MU,2022-04-23 01:11:50
190,Aykhal,66.0,111.5,12.4,88,100,6.35,RU,2022-04-23 01:11:51
191,Killybegs,54.6333,-8.45,46.98,77,1,10.74,IE,2022-04-23 01:11:51
192,Emerald,-23.5333,148.1667,72.34,72,82,18.39,AU,2022-04-23 01:11:08
193,Badou,7.5833,0.6,74.14,91,100,2.68,TG,2022-04-23 01:11:52
194,Yeniseysk,58.4497,92.1703,21.83,77,100,10.74,RU,2022-04-23 01:11:53
195,Novoagansk,61.9449,76.6625,10.71,86,100,14.23,RU,2022-04-23 01:11:53
196,Ormara,25.2088,64.6357,79.48,81,0,8.72,PK,2022-04-23 01:11:54
197,Tarauaca,-8.1614,-70.7656,74.5,91,94,2.98,BR,2022-04-23 01:11:54
198,Mombaca,-5.7431,-39.6275,74.16,81,100,3.44,BR,2022-04-23 01:11:55
199,Faanui,-16.4833,-151.75,79.88,71,53,4.65,PF,2022-04-23 01:11:55
200,Cape Town,-33.9258,18.4232,59.34,70,0,14.0,ZA,2022-04-23 01:11:56
201,Ixtapa,20.7,-105.2,76.23,78,20,10.36,MX,2022-04-23 01:11:56
202,Kaeo,-35.1,173.7833,69.33,60,48,10.85,NZ,2022-04-23 01:11:57
203,Pekan,3.4836,103.3996,80.98,85,18,3.29,MY,2022-04-23 01:08:10
204,Kisangani,0.5167,25.2,71.04,92,76,1.45,CD,2022-04-23 01:11:57
205,Hudson Bay,52.85,-102.3842,36.57,93,100,6.2,CA,2022-04-23 01:11:58
206,Ugoofaaru,5.6667,73.0,82.63,72,100,2.95,MV,2022-04-23 01:07:44
207,Saskylakh,71.9167,114.0833,2.48,96,100,4.38,RU,2022-04-23 01:11:59
208,Puerto Ayacucho,5.6639,-67.6236,77.52,82,19,2.86,VE,2022-04-23 01:11:59
209,Mbekenyera,-10.0,38.9833,69.87,95,100,2.21,TZ,2022-04-23 01:12:00
210,Tupik,54.4253,119.9327,29.77,63,100,7.74,RU,2022-04-23 01:12:00
211,Leh,34.1667,77.5833,34.74,69,77,3.18,IN,2022-04-23 01:12:01
212,Tuy Hoa,13.0833,109.3,81.84,72,25,1.03,VN,2022-04-23 01:12:02
213,Avarua,-21.2078,-159.775,80.65,78,100,13.8,CK,2022-04-23 01:10:05
214,Rosiori,44.8,27.3833,51.28,72,8,7.99,RO,2022-04-23 01:12:03
215,Guaruja,-23.9931,-46.2564,74.1,76,5,4.83,BR,2022-04-23 01:12:05
216,Sorong,-0.8833,131.25,79.43,84,100,2.44,ID,2022-04-23 01:12:06
217,Inhambane,-23.865,35.3833,71.02,83,100,3.47,MZ,2022-04-23 01:12:07
218,Chokurdakh,70.6333,147.9167,13.59,92,100,5.77,RU,2022-04-23 01:10:05
219,Jalu,29.0331,21.5482,74.17,13,25,10.22,LY,2022-04-23 01:12:08
220,Neyshabur,36.2133,58.7958,61.81,55,100,7.58,IR,2022-04-23 01:12:08
221,Meulaboh,4.1363,96.1285,79.61,87,96,1.59,ID,2022-04-23 01:12:09
222,Bulalacao,12.3254,121.3435,83.93,68,100,17.16,PH,2022-04-23 01:12:09
223,Thompson,55.7435,-97.8558,34.66,88,26,2.82,CA,2022-04-23 01:11:26
224,Bethel,41.3712,-73.414,55.8,35,0,4.61,US,2022-04-23 01:12:11
225,Owando,-0.4819,15.8999,72.82,95,100,1.68,CG,2022-04-23 01:12:12
226,Comodoro Rivadavia,-45.8667,-67.5,51.66,71,100,13.8,AR,2022-04-23 01:10:23
227,Dunedin,-45.8742,170.5036,61.02,46,4,7.18,NZ,2022-04-23 01:12:13
228,Irpa Irpa,-17.7167,-66.2667,66.25,33,12,1.41,BO,2022-04-23 01:13:14
229,Victoria Point,-27.5833,153.3,73.69,91,36,7.0,AU,2022-04-23 01:13:14
230,Port Hardy,50.6996,-127.4199,49.19,79,100,2.68,CA,2022-04-23 01:13:15
231,Akniste,56.1615,25.7478,43.38,73,49,5.7,LV,2022-04-23 01:13:15
232,Karratha,-20.7377,116.8463,87.46,21,0,15.9,AU,2022-04-23 01:13:16
233,Neiafu,-18.65,-173.9833,83.08,78,40,2.3,TO,2022-04-23 01:13:16
234,Takoradi,4.8845,-1.7554,80.17,86,68,7.14,GH,2022-04-23 01:13:17
235,Saint-Augustin,51.226,-58.6502,32.95,99,100,3.83,CA,2022-04-23 01:13:17
236,Namatanai,-3.6667,152.4333,84.16,72,37,7.23,PG,2022-04-23 01:13:17
237,Sabang,5.8933,95.3214,84.07,73,100,6.93,ID,2022-04-23 01:13:18
238,Del Rio,29.3627,-100.8968,89.71,37,0,20.71,US,2022-04-23 01:13:18
239,Grand Gaube,-20.0064,57.6608,75.6,70,6,5.99,MU,2022-04-23 01:13:19
240,Dajabon,19.5488,-71.7083,73.04,85,93,5.95,DO,2022-04-23 01:13:19
241,Ribeira Grande,38.5167,-28.7,57.45,71,100,11.18,PT,2022-04-23 01:13:20
242,Capoterra,39.1763,8.9718,54.54,93,0,4.61,IT,2022-04-23 01:13:20
243,Hobart,-42.8794,147.3294,60.26,59,20,12.66,AU,2022-04-23 01:13:21
244,Hualmay,-11.0964,-77.6139,66.65,90,89,7.27,PE,2022-04-23 01:13:21
245,Lompoc,34.6391,-120.4579,62.69,70,0,20.71,US,2022-04-23 01:12:06
246,Provideniya,64.3833,-173.3,33.75,63,13,1.9,RU,2022-04-23 01:13:22
247,Nyagan,62.1406,65.3936,8.29,95,64,0.72,RU,2022-04-23 01:13:22
248,Nanortalik,60.1432,-45.2371,34.75,99,100,6.13,GL,2022-04-23 01:13:23
249,Kedougou,12.5579,-12.1743,88.68,16,100,6.22,SN,2022-04-23 01:13:23
250,Praia Da Vitoria,38.7333,-27.0667,56.75,81,70,7.78,PT,2022-04-23 01:13:24
251,Vagur,61.4732,-6.8119,43.63,78,100,23.24,FO,2022-04-23 01:13:24
252,Contamana,-7.3333,-75.0167,78.26,71,11,3.71,PE,2022-04-23 01:13:25
253,Salalah,17.0151,54.0924,80.69,78,0,3.44,OM,2022-04-23 01:10:05
254,Codrington,-38.2667,141.9667,61.57,56,17,10.42,AU,2022-04-23 01:13:25
255,Carnarvon,-24.8667,113.6333,78.87,36,0,11.5,AU,2022-04-23 01:08:55
256,Lebu,-37.6167,-73.65,54.97,91,100,12.88,CL,2022-04-23 01:13:26
257,Belmonte,-15.8631,-38.8828,76.98,80,0,6.2,BR,2022-04-23 01:13:26
258,College,64.8569,-147.8028,51.75,36,75,4.61,US,2022-04-23 01:13:27
259,Kristiinankaupunki,62.2743,21.376,37.33,88,8,10.74,FI,2022-04-23 01:13:27
260,Luganville,-15.5333,167.1667,80.91,86,90,9.22,VU,2022-04-23 01:13:28
261,Arti,56.4234,58.5328,31.66,77,13,5.19,RU,2022-04-23 01:13:28
262,Nyaunglebin,17.95,96.7333,84.38,67,5,5.99,MM,2022-04-23 01:13:29
263,Hami,42.8,93.45,67.1,16,2,9.33,CN,2022-04-23 01:13:29
264,Tuktoyaktuk,69.4541,-133.0374,21.13,85,7,16.24,CA,2022-04-23 01:13:30
265,Karlskoga,59.3267,14.5239,40.39,67,31,7.85,SE,2022-04-23 01:13:31
266,Ostrovnoy,68.0531,39.5131,28.44,92,100,10.2,RU,2022-04-23 01:13:31
267,Novi Pazar,43.1367,20.5122,49.55,89,100,1.48,RS,2022-04-23 01:13:32
268,Kibaya,-5.3,36.5667,58.28,98,14,3.18,TZ,2022-04-23 01:13:33
269,Kalmunai,7.4167,81.8167,78.22,84,100,4.9,LK,2022-04-23 01:13:34
270,Moerai,-22.4333,-151.3333,76.86,67,99,22.46,PF,2022-04-23 01:13:34
271,Mumford,5.2618,-0.759,80.29,83,5,6.11,GH,2022-04-23 01:13:35
272,Pietarsaari,63.65,22.6833,36.0,93,40,7.27,FI,2022-04-23 01:13:36
273,Hoi An,15.8794,108.335,82.36,90,100,5.06,VN,2022-04-23 01:13:36
274,Viedma,-40.8135,-62.9967,49.53,59,44,10.56,AR,2022-04-23 01:13:37
275,Mackenzie,55.2999,-123.1698,46.96,63,100,5.06,CA,2022-04-23 01:14:38
276,Upington,-28.4478,21.2561,66.79,46,7,3.2,ZA,2022-04-23 01:14:38
277,Maningrida,-12.0667,134.2667,88.34,50,86,8.84,AU,2022-04-23 01:14:39
278,Halifax,44.6453,-63.5724,44.69,92,100,3.0,CA,2022-04-23 01:11:38
279,Tombouctou,20.0,-3.0,75.31,10,2,9.91,ML,2022-04-23 01:14:39
280,Margate,51.3813,1.3862,53.31,80,91,5.01,GB,2022-04-23 01:14:40
281,Nome,64.5011,-165.4064,40.1,65,0,0.0,US,2022-04-23 01:09:58
282,Ilmatsalu,58.3881,26.5593,42.94,58,98,1.14,EE,2022-04-23 01:14:41
283,Krutikha,53.9599,81.2093,29.12,45,6,8.1,RU,2022-04-23 01:14:41
284,Tiksi,71.6872,128.8694,14.49,91,100,8.79,RU,2022-04-23 01:14:42
285,Esperance,-33.8667,121.9,64.35,69,7,10.78,AU,2022-04-23 01:12:54
286,Raudeberg,61.9875,5.1352,48.87,81,100,12.15,NO,2022-04-23 01:14:42
287,Rio Gallegos,-51.6226,-69.2181,46.45,71,0,18.41,AR,2022-04-23 01:14:43
288,Waipawa,-41.4122,175.5153,56.98,52,12,8.52,NZ,2022-04-23 01:14:43
289,Burnie,-41.0667,145.9167,63.95,48,0,2.82,AU,2022-04-23 01:12:29
290,Santa Marta,11.2408,-74.199,81.9,76,98,1.99,CO,2022-04-23 01:11:45
291,Martapura,-3.4167,114.85,82.49,78,98,4.61,ID,2022-04-23 01:14:44
292,Trairi,-3.2778,-39.2689,75.6,92,87,5.79,BR,2022-04-23 01:14:45
293,Vao,-22.6667,167.4833,75.18,66,17,14.38,NC,2022-04-23 01:14:45
294,Chimoio,-19.1164,33.4833,63.07,96,90,2.55,MZ,2022-04-23 01:14:46
295,Sept-Iles,50.2001,-66.3821,33.42,71,15,16.4,CA,2022-04-23 01:14:46
296,Columbus,39.9612,-82.9988,66.43,52,75,5.75,US,2022-04-23 01:13:28
297,Fairbanks,64.8378,-147.7164,51.76,36,0,4.61,US,2022-04-23 01:10:26
298,Mao,39.8885,4.2658,57.76,88,0,16.11,ES,2022-04-23 01:14:47
299,Cabedelo,-6.9811,-34.8339,75.87,83,98,10.58,BR,2022-04-23 01:14:48
300,Kruisfontein,-34.0033,24.7314,57.88,81,100,2.64,ZA,2022-04-23 01:14:48
301,Corn Island,12.1694,-83.0418,80.85,79,87,15.08,NI,2022-04-23 01:11:44
302,Gamba,-2.65,10.0,77.2,90,100,4.59,GA,2022-04-23 01:14:49
303,Torbay,47.6666,-52.7314,39.38,66,100,1.01,CA,2022-04-23 01:14:49
304,Termoli,41.9888,14.9895,49.57,81,11,6.4,IT,2022-04-23 01:14:50
305,Arman,59.7,150.1667,34.02,73,21,2.64,RU,2022-04-23 01:14:50
306,Ballina,-28.8667,153.5667,73.58,77,22,14.0,AU,2022-04-23 01:14:51
307,Linxia,35.6003,103.2064,57.6,50,65,1.72,CN,2022-04-23 01:14:51
308,Petropavlovsk-Kamchatskiy,53.0452,158.6483,39.78,75,75,11.18,RU,2022-04-23 01:13:52
309,Henties Bay,-22.116,14.2845,60.94,90,0,6.85,NA,2022-04-23 01:14:12
310,Saint Anthony,45.0205,-93.218,52.48,93,100,18.41,US,2022-04-23 01:14:52
311,Karaton,-6.3424,106.1045,79.12,84,83,3.56,ID,2022-04-23 01:14:53
312,Khorixas,-20.3667,14.9667,68.63,39,3,3.15,NA,2022-04-23 01:14:53
313,Esik,43.3552,77.4525,49.42,62,65,4.65,KZ,2022-04-23 01:14:54
314,Bathsheba,13.2167,-59.5167,79.41,69,20,13.8,BB,2022-04-23 01:14:54
315,Gizo,-8.103,156.8419,83.39,74,63,11.05,SB,2022-04-23 01:11:59
316,Sudislavl,57.8817,41.7083,39.76,76,60,3.18,RU,2022-04-23 01:14:55
317,Ahipara,-35.1667,173.1667,66.07,56,17,16.28,NZ,2022-04-23 01:14:56
318,Kiunga,-6.1219,141.2906,83.7,75,96,2.37,PG,2022-04-23 01:14:57
319,Sur,22.5667,59.5289,84.72,40,100,10.71,OM,2022-04-23 01:15:57
320,Silvan,38.1419,41.0081,39.49,40,0,2.17,TR,2022-04-23 01:15:58
321,Puerto Leguizamo,-0.1934,-74.7819,74.79,87,100,1.23,CO,2022-04-23 01:15:59
322,Kijang,35.2442,129.2139,67.73,77,100,7.36,KR,2022-04-23 01:15:59
323,Zhigansk,66.7697,123.3711,17.42,90,99,11.74,RU,2022-04-23 01:16:00
324,Kigonsera,-10.8,35.05,58.87,94,13,1.61,TZ,2022-04-23 01:16:00
325,Nampula,-15.1165,39.2666,68.77,97,93,6.24,MZ,2022-04-23 01:16:01
326,Sioux Lookout,50.1001,-91.917,33.87,93,100,8.05,CA,2022-04-23 01:16:01
327,Alekseyevsk,57.8406,108.3492,34.5,60,6,3.96,RU,2022-04-23 01:16:02
328,Sumenep,-7.0167,113.8667,84.33,74,100,8.1,ID,2022-04-23 01:16:03
329,Altoona,40.5187,-78.3947,57.45,69,100,1.81,US,2022-04-23 01:12:39
330,Narsaq,60.9167,-46.05,41.22,96,99,4.34,GL,2022-04-23 01:16:04
331,Karasjok,69.4719,25.5112,32.05,83,81,7.11,NO,2022-04-23 01:16:04
332,Ila,63.4305,10.3705,39.22,86,100,5.73,NO,2022-04-23 01:16:05
333,Tirumullaivasal,11.2333,79.8333,81.72,78,60,1.99,IN,2022-04-23 01:16:05
334,Redmond,47.674,-122.1215,60.06,58,27,4.0,US,2022-04-23 01:13:39
335,Christchurch,-43.5333,172.6333,63.32,51,100,12.66,NZ,2022-04-23 01:16:06
336,Zhangzhou,24.5133,117.6556,75.13,67,100,2.15,CN,2022-04-23 01:16:08
337,Port Macquarie,-31.4333,152.9167,64.29,88,75,6.91,AU,2022-04-23 01:16:09
338,Benin,9.5,2.25,78.35,68,5,4.23,BJ,2022-04-23 01:16:09
339,Alice Springs,-23.7,133.8833,69.35,32,100,12.66,AU,2022-04-23 01:12:37
340,Samarai,-10.6167,150.6667,83.89,74,62,11.59,PG,2022-04-23 01:16:10
341,Davila,18.4726,120.5763,87.78,64,86,3.91,PH,2022-04-23 01:16:11
342,Sao Felix Do Xingu,-6.6447,-51.995,72.03,94,52,1.01,BR,2022-04-23 01:16:11
343,Aktau,43.65,51.2,46.98,74,18,8.63,KZ,2022-04-23 01:16:12
344,Ilulissat,69.2167,-51.1,24.82,80,75,0.0,GL,2022-04-23 01:16:12
345,Vila Franca Do Campo,37.7167,-25.4333,57.61,69,100,5.68,PT,2022-04-23 01:16:13
346,Guerrero Negro,27.9769,-114.0611,63.21,69,0,24.96,MX,2022-04-23 01:16:14
347,Soure,-0.7167,-48.5233,75.04,93,100,4.56,BR,2022-04-23 01:16:14
348,Abu Kamal,34.4506,40.9171,68.58,14,100,3.47,SY,2022-04-23 01:16:15
349,Amiens,49.9,2.3,50.04,73,77,10.09,FR,2022-04-23 01:16:15
350,Broome,42.2506,-75.833,46.78,60,0,10.36,US,2022-04-23 01:16:16
351,Anadyr,64.75,177.4833,32.5,80,40,2.24,RU,2022-04-23 01:16:16
352,Valdez,1.2492,-78.9831,79.48,80,100,9.64,EC,2022-04-23 01:16:17
353,Sesheke,-17.4759,24.2968,63.46,77,19,3.8,ZM,2022-04-23 01:16:18
354,Lewistown,40.5992,-77.5714,60.21,36,0,0.0,US,2022-04-23 01:16:18
355,Quata,-22.2475,-50.6983,70.02,57,5,5.68,BR,2022-04-23 01:16:19
356,Sri Aman,1.2376,111.4621,80.65,89,20,4.61,MY,2022-04-23 01:16:19
357,Ponta Delgada,37.7333,-25.6667,57.92,62,75,1.14,PT,2022-04-23 01:16:20
358,Nuuk,64.1835,-51.7216,34.41,86,100,5.75,GL,2022-04-23 01:16:21
359,Salta,-24.7859,-65.4117,64.99,82,75,5.75,AR,2022-04-23 01:16:21
360,Pangnirtung,66.1451,-65.7125,1.81,89,24,6.6,CA,2022-04-23 01:16:22
361,Cidreira,-30.1811,-50.2056,68.81,83,100,7.36,BR,2022-04-23 01:16:22
362,Ayan,56.45,138.1667,28.76,84,83,1.86,RU,2022-04-23 01:16:23
363,Limbang,4.75,115.0,84.31,78,72,0.94,MY,2022-04-23 01:16:23
364,Asekeyevo,53.5742,52.7972,40.14,72,2,7.65,RU,2022-04-23 01:16:24
365,Hamilton,39.1834,-84.5333,68.23,62,0,5.75,US,2022-04-23 01:17:24
366,Gat,31.61,34.7642,63.28,100,68,3.87,IL,2022-04-23 01:17:25
367,Sambava,-14.2667,50.1667,75.88,90,83,6.69,MG,2022-04-23 01:17:25
368,Katobu,-4.9408,122.5276,84.88,68,81,1.72,ID,2022-04-23 01:17:26
369,Tiznit,29.5833,-9.5,54.19,76,25,8.14,MA,2022-04-23 01:17:26
370,Sinop,41.7711,34.8709,52.5,58,0,9.13,TR,2022-04-23 01:17:27
371,Bad Iburg,52.1549,8.0422,52.16,78,100,12.91,DE,2022-04-23 01:17:27
372,Doha,25.2867,51.5333,80.58,34,0,9.22,QA,2022-04-23 01:17:27
373,Castlemaine,-37.0667,144.2167,64.99,55,44,5.7,AU,2022-04-23 01:17:28
374,Bhag,29.0415,67.8239,81.32,19,100,4.14,PK,2022-04-23 01:17:28
375,Olivenza,38.6832,-7.103,44.31,95,100,11.68,ES,2022-04-23 01:17:29
376,Omboue,-1.5746,9.2618,77.9,90,99,4.97,GA,2022-04-23 01:17:29
377,Viisoara,46.55,23.9167,49.6,92,100,0.2,RO,2022-04-23 01:17:30
378,Nouadhibou,20.931,-17.0347,64.38,72,0,18.41,MR,2022-04-23 01:17:30
379,Lembeni,-3.7833,37.6167,66.54,94,34,1.79,TZ,2022-04-23 01:17:31
380,Burgersdorp,-30.9977,26.3286,54.07,84,57,4.43,ZA,2022-04-23 01:17:31
381,Gaozhou,21.9392,110.8461,79.34,80,37,6.87,CN,2022-04-23 01:17:31
382,Sisimiut,66.9395,-53.6735,25.74,90,100,4.65,GL,2022-04-23 01:17:32
383,Shupiyan,33.7167,74.8333,44.56,69,0,2.93,IN,2022-04-23 01:17:32
384,Champasak,14.75,106.0,83.14,67,15,2.91,LA,2022-04-23 01:17:33
385,Isla Vista,34.4133,-119.861,66.99,58,0,11.5,US,2022-04-23 01:17:33
386,Buala,-8.145,159.5921,81.27,80,100,5.37,SB,2022-04-23 01:17:34
387,Bani,18.2833,-70.3333,72.86,79,100,13.2,DO,2022-04-23 01:16:13
388,Biak,-0.9131,122.8766,81.48,75,94,1.95,ID,2022-04-23 01:17:34
389,Teguldet,57.3064,88.1667,20.66,76,100,11.59,RU,2022-04-23 01:17:35
390,Nahrin,36.0649,69.1334,59.79,58,3,3.74,AF,2022-04-23 01:17:35
391,Port Shepstone,-30.7414,30.455,69.44,92,100,14.34,ZA,2022-04-23 01:17:35
392,Los Llanos De Aridane,28.6585,-17.9182,60.55,83,100,6.91,ES,2022-04-23 01:17:36
393,Fortuna,40.5982,-124.1573,57.92,76,0,11.5,US,2022-04-23 01:17:36
394,Anina,45.0794,21.8569,47.35,94,100,3.96,RO,2022-04-23 01:17:37
395,Bardiyah,31.7561,25.0865,63.45,61,100,12.86,LY,2022-04-23 01:17:37
396,Smithers,54.7804,-127.1743,52.12,40,75,5.75,CA,2022-04-23 01:17:38
397,Campbell River,50.0163,-125.2446,53.98,58,75,4.61,CA,2022-04-23 01:15:13
398,Ilabaya,-17.4208,-70.5133,63.79,73,6,0.49,PE,2022-04-23 01:17:38
399,Acari,-15.4311,-74.6158,71.02,85,75,3.85,PE,2022-04-23 01:17:39
400,Reconquista,-29.15,-59.65,58.57,87,90,9.33,AR,2022-04-23 01:17:39
401,Camalu,30.85,-116.0667,60.1,63,3,19.71,MX,2022-04-23 01:17:40
402,Brae,60.3964,-1.353,45.12,80,100,20.0,GB,2022-04-23 01:17:40
403,Binzhou,37.3667,118.0167,70.32,27,0,10.38,CN,2022-04-23 01:17:41
404,Porbandar,21.6422,69.6093,80.22,65,0,8.88,IN,2022-04-23 01:17:41
405,Axim,4.8699,-2.2405,79.84,86,12,7.38,GH,2022-04-23 01:17:41
406,Adrar,20.5022,-10.0711,71.4,19,69,9.62,MR,2022-04-23 01:17:42
407,Boyuibe,-20.4167,-63.2833,69.33,84,0,0.38,BO,2022-04-23 01:17:42
408,Pochutla,15.7432,-96.4661,84.02,66,98,6.85,MX,2022-04-23 01:17:43
409,Meridian,43.6121,-116.3915,60.12,29,0,25.32,US,2022-04-23 01:17:43
410,Souillac,-20.5167,57.5167,75.58,60,20,13.8,MU,2022-04-23 01:17:43
411,Chunskiy,56.0815,99.6342,24.73,75,100,14.56,RU,2022-04-23 01:17:44
412,Hithadhoo,-0.6,73.0833,84.0,74,100,11.03,MV,2022-04-23 01:17:45
413,Darhan,49.4867,105.9228,43.03,42,100,6.17,MN,2022-04-23 01:18:45
414,Port Blair,11.6667,92.75,84.24,84,20,2.3,IN,2022-04-23 01:18:46
415,Bayir,37.2687,28.2167,46.92,39,97,3.76,TR,2022-04-23 01:18:46
416,Korla,41.7597,86.1469,65.35,22,3,7.34,CN,2022-04-23 01:18:46
417,Wajima,37.4,136.9,59.68,94,75,8.05,JP,2022-04-23 01:18:47
418,Riyadh,24.6877,46.7219,75.34,15,91,7.65,SA,2022-04-23 01:16:18
419,Shimoda,34.6667,138.95,75.11,66,88,21.3,JP,2022-04-23 01:18:48
420,Indramayu,-6.3264,108.32,80.94,81,72,4.41,ID,2022-04-23 01:18:48
421,Jiquilisco,13.3167,-88.5833,80.96,74,100,2.17,SV,2022-04-23 01:18:49
422,Pucallpa,-8.3791,-74.5539,80.64,78,40,2.3,PE,2022-04-23 01:18:49
423,Foumbot,5.5079,10.6356,68.32,91,100,1.43,CM,2022-04-23 01:18:50
424,Rincon,32.296,-81.2354,68.86,59,0,4.61,US,2022-04-23 01:18:50
425,Homer,59.6425,-151.5483,44.49,73,100,13.8,US,2022-04-23 01:18:50
426,Pozo Colorado,-23.4923,-58.7972,80.6,54,15,3.33,PY,2022-04-23 01:18:51
427,Kosovska Mitrovica,42.8833,20.8667,52.61,91,100,3.31,XK,2022-04-23 01:18:51
428,Rorvik,64.8621,11.2373,41.74,82,98,8.03,NO,2022-04-23 01:18:52
429,Chifeng,42.2683,118.9636,62.33,23,86,23.42,CN,2022-04-23 01:18:52
430,Shelburne,44.0787,-80.2041,47.75,68,100,4.16,CA,2022-04-23 01:18:53
431,Catamarca,-28.4696,-65.7852,68.77,73,44,4.05,AR,2022-04-23 01:14:30
432,Moron,-34.6534,-58.6198,58.75,77,0,6.24,AR,2022-04-23 01:18:54
433,Weligama,5.9667,80.4167,78.78,81,100,5.01,LK,2022-04-23 01:18:54
434,Westport,41.1415,-73.3579,59.09,43,0,9.22,US,2022-04-23 01:16:02
435,Innisfail,-17.5333,146.0333,75.6,92,100,13.69,AU,2022-04-23 01:18:56
436,Denpasar,-8.65,115.2167,83.86,83,20,2.3,ID,2022-04-23 01:18:57
437,Winnemucca,40.973,-117.7357,46.45,49,100,4.61,US,2022-04-23 01:17:00
438,Tuatapere,-46.1333,167.6833,59.77,58,16,8.81,NZ,2022-04-23 01:18:58
439,Jaque,7.5175,-78.1703,78.64,81,51,3.09,PA,2022-04-23 01:18:58
440,Boa Vista,2.8197,-60.6733,80.58,74,40,2.3,BR,2022-04-23 01:15:28
441,Aksu,41.1231,80.2644,63.61,50,94,2.55,CN,2022-04-23 01:18:59
442,Missoula,47.0166,-113.8009,44.17,41,100,5.68,US,2022-04-23 01:17:41
443,Tessalit,20.1986,1.0114,77.79,8,85,7.43,ML,2022-04-23 01:19:00
444,Aswan,24.0934,32.907,74.16,16,0,8.79,EG,2022-04-23 01:19:01
445,Lagoa,39.05,-27.9833,56.77,67,100,14.72,PT,2022-04-23 01:18:02
446,Kigoma,-4.8769,29.6267,72.46,83,53,2.44,TZ,2022-04-23 01:19:02
447,Svetlyy,54.675,20.1347,46.45,78,7,6.85,RU,2022-04-23 01:19:02
448,Port Lincoln,-34.7333,135.8667,61.03,67,76,15.43,AU,2022-04-23 01:17:33
449,Maniitsoq,65.4167,-52.9,29.84,94,100,3.85,GL,2022-04-23 01:19:03
450,Qui Nhon,13.7667,109.2333,81.21,74,22,2.26,VN,2022-04-23 01:19:04
451,Severnoye,56.3491,78.3619,22.3,84,100,7.54,RU,2022-04-23 01:19:05
452,Tayoltita,24.0833,-105.9333,76.64,38,8,5.59,MX,2022-04-23 01:19:05
453,General Roca,-39.0333,-67.5833,59.63,47,100,27.36,AR,2022-04-23 01:19:06
454,Toamasina,-18.1667,49.3833,74.84,92,99,4.21,MG,2022-04-23 01:19:06
455,Hofn,64.2539,-15.2082,45.27,83,57,0.83,IS,2022-04-23 01:19:07
456,Abu Dhabi,24.4667,54.3667,77.97,74,93,2.3,AE,2022-04-23 01:16:49
457,Marawi,7.9986,124.2928,77.92,73,37,2.04,PH,2022-04-23 01:19:08
458,Lima,-12.0432,-77.0282,68.9,76,100,10.36,PE,2022-04-23 01:19:08
459,Matehuala,23.65,-100.65,76.3,39,59,17.0,MX,2022-04-23 01:19:09
460,Vostok,46.4856,135.8833,36.21,82,94,7.16,RU,2022-04-23 01:19:10
461,Sorkjosen,69.8,20.9333,35.6,69,100,4.61,NO,2022-04-23 01:20:11
462,Tura,25.5198,90.2201,73.08,89,20,4.76,IN,2022-04-23 01:20:11
463,Port Hedland,-20.3167,118.5667,91.45,13,0,16.11,AU,2022-04-23 01:20:12
464,Beloha,-25.1667,45.05,73.63,73,73,9.6,MG,2022-04-23 01:20:12
465,Dicabisagan,17.0818,122.4157,83.3,68,56,5.08,PH,2022-04-23 01:20:12
466,Bahia Blanca,-38.7196,-62.2724,51.87,57,11,7.67,AR,2022-04-23 01:20:13
467,Baracoa,20.3467,-74.4958,75.76,83,100,13.31,CU,2022-04-23 01:20:13
468,Sokoni,-6.4333,39.55,80.17,79,35,4.25,TZ,2022-04-23 01:20:14
469,Koraput,18.8167,82.7167,77.76,35,5,3.49,IN,2022-04-23 01:20:15
470,Tarko-Sale,64.9225,77.785,5.11,95,100,13.06,RU,2022-04-23 01:20:15
471,Monywa,22.1167,95.1333,89.13,47,0,8.79,MM,2022-04-23 01:20:16
472,Tomatlan,19.9333,-105.25,77.58,59,0,6.29,MX,2022-04-23 01:20:16
473,Chicama,-7.8447,-79.1469,61.34,82,99,6.62,PE,2022-04-23 01:20:17
474,Poum,-20.2333,164.0167,77.95,70,48,7.87,NC,2022-04-23 01:20:17
475,Strezhevoy,60.7333,77.5889,16.59,92,100,13.2,RU,2022-04-23 01:20:18
476,Cantagalo,-21.9811,-42.3681,67.42,83,11,3.11,BR,2022-04-23 01:20:18
477,Latehar,23.75,84.5,81.66,28,0,3.47,IN,2022-04-23 01:20:19
478,Ushibuka,32.1906,130.0228,61.34,88,100,6.22,JP,2022-04-23 01:20:19
479,Iquitos,-3.7481,-73.2472,73.44,100,0,0.0,PE,2022-04-23 01:20:19
480,Tezu,27.9167,96.1667,71.02,94,98,1.05,IN,2022-04-23 01:20:20
481,Norden,53.6,7.2,50.95,91,9,15.84,DE,2022-04-23 01:20:21
482,Warmbad,-28.45,18.7333,64.8,55,95,1.28,NA,2022-04-23 01:20:21
483,La Palma,33.8464,-118.0467,68.61,60,75,16.11,US,2022-04-23 01:20:22
484,Awbari,26.5921,12.7805,69.71,22,0,7.18,LY,2022-04-23 01:20:22
485,Malanville,11.8685,3.3899,91.72,29,56,9.84,BJ,2022-04-23 01:20:23
486,Goya,-29.14,-59.2626,58.21,86,85,8.25,AR,2022-04-23 01:20:23
487,Laguna,38.421,-121.4238,68.11,39,0,8.05,US,2022-04-23 01:20:24
488,Sunbury,-37.5833,144.7333,62.91,71,0,6.91,AU,2022-04-23 01:20:25
489,Namtsy,62.7161,129.6658,28.99,82,100,1.07,RU,2022-04-23 01:20:26
490,Lerwick,60.1545,-1.1494,44.6,81,100,19.46,GB,2022-04-23 01:20:26
491,Hervey Bay,-25.2986,152.8535,77.02,60,91,11.01,AU,2022-04-23 01:20:27
492,Waingapu,-9.6567,120.2641,84.51,72,64,11.95,ID,2022-04-23 01:20:28
493,Ibadan,7.3878,3.8964,75.52,95,100,4.32,NG,2022-04-23 01:20:29
494,Marsa Matruh,31.3525,27.2453,59.43,79,0,9.44,EG,2022-04-23 01:20:29
495,Saint-Pierre,-21.3393,55.4781,74.88,75,0,26.46,RE,2022-04-23 01:15:36
496,Faya,18.3851,42.4509,62.71,37,93,1.52,SA,2022-04-23 01:19:24
497,Palmer,42.1584,-72.3287,53.2,53,20,6.91,US,2022-04-23 01:20:30
498,Oranjemund,-28.55,16.4333,55.81,92,44,14.52,NA,2022-04-23 01:20:31
499,Oboyan,51.2098,36.2792,44.02,82,52,1.92,RU,2022-04-23 01:20:31
500,Newport,51.5877,-2.9984,48.78,75,97,1.01,GB,2022-04-23 01:19:04
501,Vanimo,-2.6741,141.3028,78.73,88,99,5.79,PG,2022-04-23 01:20:32
502,Mecca,21.4267,39.8261,79.09,70,3,0.16,SA,2022-04-23 01:17:59
503,Strathpeffer,57.588,-4.5382,46.11,90,68,4.63,GB,2022-04-23 01:20:33
504,Minyar,55.0709,57.5485,33.53,73,74,3.91,RU,2022-04-23 01:20:34
505,Slantsy,59.1182,28.0914,44.53,75,93,3.51,RU,2022-04-23 01:20:35
506,Esmeraldas,-19.7625,-44.3139,72.46,56,64,2.17,BR,2022-04-23 01:20:35
507,Conde,-7.2597,-34.9075,74.66,100,75,9.22,BR,2022-04-23 01:20:36
508,Yar-Sale,66.8333,70.8333,-0.92,95,100,8.34,RU,2022-04-23 01:21:36
509,Coihaique,-45.5752,-72.0662,41.61,93,100,3.44,CL,2022-04-23 01:21:37
510,Bereda,43.2686,-7.5406,44.15,100,100,0.76,ES,2022-04-23 01:21:37
511,Padang,-0.9492,100.3543,77.05,76,88,2.84,ID,2022-04-23 01:21:38
512,Shumskiy,54.8318,99.1328,26.58,60,100,13.49,RU,2022-04-23 01:21:38
513,Buturlino,55.5667,44.8974,36.28,76,16,1.86,RU,2022-04-23 01:21:39
514,Ngunguru,-35.6167,174.5,65.16,49,0,11.63,NZ,2022-04-23 01:21:39
515,Borjomi,41.8527,43.4128,43.92,75,63,4.63,GE,2022-04-23 01:21:40
516,Iqaluit,63.7506,-68.5145,8.33,72,20,9.22,CA,2022-04-23 01:21:40
517,Namibe,-15.1961,12.1522,71.65,82,66,6.58,AO,2022-04-23 01:21:40
518,Porto Torres,40.835,8.3972,51.98,82,100,10.33,IT,2022-04-23 01:21:41
519,Lasa,46.6166,10.7002,49.08,97,96,3.47,IT,2022-04-23 01:21:42
520,Capanema,-1.1958,-47.1808,73.18,97,100,0.83,BR,2022-04-23 01:21:42
521,Shakiso,5.75,38.9167,57.29,98,100,2.33,ET,2022-04-23 01:21:43
522,Boueni,-12.9025,45.0761,82.38,79,99,16.06,YT,2022-04-23 01:21:44
523,Sabha,27.0377,14.4283,70.84,24,0,15.9,LY,2022-04-23 01:21:44
524,Zaltan,32.947,11.8665,61.93,54,0,7.65,LY,2022-04-23 01:21:45
525,Kenai,60.5544,-151.2583,47.03,57,40,19.57,US,2022-04-23 01:21:45
526,Jinji,23.2281,110.8261,72.59,94,98,2.44,CN,2022-04-23 01:21:46
527,Rybinsk,58.0446,38.8426,43.92,81,100,3.53,RU,2022-04-23 01:21:46
528,Todos Santos,23.45,-110.2167,69.66,75,46,7.43,MX,2022-04-23 01:21:47
529,Noumea,-22.2763,166.4572,82.99,99,7,13.13,NC,2022-04-23 01:21:47
530,Miraflores,19.2167,-98.8083,68.04,51,96,4.94,MX,2022-04-23 01:21:48
531,Yarmouth,41.7057,-70.2286,52.0,60,0,7.0,US,2022-04-23 01:21:48
532,Matanzas,23.0411,-81.5775,75.96,88,40,13.8,CU,2022-04-23 01:21:49
533,Autazes,-3.5797,-59.1306,72.46,97,100,2.24,BR,2022-04-23 01:21:49
534,Balkhash,46.844,74.9804,50.61,62,0,15.66,KZ,2022-04-23 01:21:49
535,Maragogi,-9.0122,-35.2225,77.68,85,85,6.11,BR,2022-04-23 01:17:52
536,Leiyang,26.4024,112.8591,74.34,83,56,1.52,CN,2022-04-23 01:21:50
537,Salo,45.6086,10.531,56.52,90,100,1.57,IT,2022-04-23 01:21:51
538,Quebo,11.3333,-14.9333,72.88,89,70,2.59,GW,2022-04-23 01:21:51
539,Pagudpud,18.5616,120.7868,87.35,58,87,2.48,PH,2022-04-23 01:21:52
540,La Rioja,42.25,-2.5,42.58,92,100,2.57,ES,2022-04-23 01:21:52
541,Ndele,8.4109,20.6473,72.84,85,100,3.02,CF,2022-04-23 01:21:53
542,Scarborough,54.2797,-0.4044,47.77,90,86,1.99,GB,2022-04-23 01:21:53
543,Yacuiba,-22.038,-63.6797,71.65,78,0,5.32,BO,2022-04-23 01:21:54
544,Eureka,40.8021,-124.1637,58.19,77,30,1.99,US,2022-04-23 01:17:35
545,San Vicente,-26.6167,-54.1333,62.85,98,4,3.42,AR,2022-04-23 01:21:55
546,Sao Miguel Do Araguaia,-13.275,-50.1628,76.57,70,53,4.23,BR,2022-04-23 01:21:55
547,Yulara,-25.2406,130.9889,70.16,36,89,20.22,AU,2022-04-23 01:21:56
548,Kondinskoye,59.6481,67.41,6.8,96,48,5.28,RU,2022-04-23 01:21:56
549,Ugrinovci,44.8783,20.1869,56.32,87,40,4.61,RS,2022-04-23 01:21:57
550,Airai,-8.9266,125.4092,72.09,50,95,3.65,TL,2022-04-23 01:22:57
551,Madimba,-10.4,40.3333,75.42,91,41,5.57,TZ,2022-04-23 01:22:58
552,Galeana,24.8333,-100.0667,66.06,67,66,6.58,MX,2022-04-23 01:22:59
553,Antofagasta,-23.65,-70.4,60.08,85,60,5.21,CL,2022-04-23 01:22:59
554,Galbshtadt,53.2264,78.9845,31.32,47,6,8.66,RU,2022-04-23 01:22:59
555,Pacific Grove,36.6177,-121.9166,63.55,73,20,10.36,US,2022-04-23 01:23:00
556,Tazovskiy,67.4667,78.7,-3.05,99,45,7.27,RU,2022-04-23 01:23:00
557,Raipur,21.2333,81.6333,78.94,78,40,3.44,IN,2022-04-23 01:21:08
558,Bokaro,23.7833,85.9667,85.26,25,3,3.42,IN,2022-04-23 01:23:01
559,Nemuro,43.3236,145.575,45.82,83,98,25.17,JP,2022-04-23 01:23:01
560,Irbil,36.1926,44.0106,53.42,40,0,2.3,IQ,2022-04-23 01:20:50
561,Inirida,3.8653,-67.9239,73.99,95,53,3.18,CO,2022-04-23 01:23:02
562,Winton,37.3894,-120.6133,66.11,40,0,13.8,US,2022-04-23 01:23:02
563,Kulunda,52.566,78.9385,31.57,43,10,5.41,RU,2022-04-23 01:23:03
564,Dudinka,69.4058,86.1778,2.62,98,91,4.99,RU,2022-04-23 01:23:03
565,Turka,49.1541,23.0297,44.15,99,100,3.15,UA,2022-04-23 01:23:04
566,Villa Carlos Paz,-31.4241,-64.4978,54.39,49,20,1.99,AR,2022-04-23 01:23:04
567,Malanje,-9.5402,16.341,61.86,91,80,1.95,AO,2022-04-23 01:23:05
568,Beni Mazar,28.4962,30.8029,61.21,53,0,12.01,EG,2022-04-23 01:23:05
569,Berzovia,45.4261,21.6281,54.75,93,100,9.48,RO,2022-04-23 01:23:06
570,Mogadishu,2.0371,45.3438,82.47,76,99,10.83,SO,2022-04-23 01:23:06
571,Parana,-31.732,-60.5238,53.56,94,3,4.03,AR,2022-04-23 01:23:07
572,Nantucket,41.2835,-70.0995,55.45,66,0,8.05,US,2022-04-23 01:23:07
573,Ketchikan,55.3422,-131.6461,48.67,71,100,12.66,US,2022-04-23 01:23:07
574,Polunochnoye,60.8697,60.4153,21.29,94,98,2.55,RU,2022-04-23 01:23:08
575,Krasnaya Gora,52.9995,31.6023,45.45,89,100,10.45,RU,2022-04-23 01:23:08
576,Joao Camara,-5.5375,-35.8197,73.63,97,100,4.63,BR,2022-04-23 01:23:09
